time_uk,datetime_utc,company,ticker,category_code,category,headline,rns_number,news_id,last_price,pct_change,brief,summary,retail_take,sentiment,source_url
2026-07-17 08:45:30,2026-07-17T07:45:30.000,Toronto-Dominion Bank London Branch,,PFT,,Publication of Final Terms,8150M,17693644,,,,,,,
2026-07-17 08:35:00,2026-07-17T07:35:00.000,Oxford Instruments Plc,OXIG,POS,Change of position,Transaction in Own Shares,60717-9902,17693561,2818,-2.559,"Oxford Instruments bought back 34,500 shares during week of 10-16 July 2026 at average prices of 28.6-28.9p per share for cancellation.","Oxford Instruments purchased 34,500 ordinary shares through J.P. Morgan Securities between 10-16 July 2026 under its announced buyback programme. Daily volumes ranged from 6,600 to 7,000 shares, with volume-weighted average prices between 28.59p and 28.88p. Following cancellation, total issued shares fall to 55,032,742 with no treasury stock held. This reduces share count and increases earnings per share mechanically, supporting capital allocation to existing shareholders.","Routine capital management action. Share buybacks are mildly positive as they return capital and improve per-share metrics, but this modest weekly tranche suggests measured execution rather than aggressive shareholder-friendly activity.",neutral,https://www.investegate.co.uk/announcement/prn/oxford-instruments--oxig/transaction-in-own-shares/9674583
2026-07-17 08:25:20,2026-07-17T07:25:20.000,Safestay PLC,SSTY,BOA,Board appointment/change,Directorate Change and Notice of AGM,8048M,17693537,13.5,0.0,"Peter Zielke, former COO, stepping down from board at August AGM; Davide Caschili already appointed as successor in June.","Peter Zielke, who served as Director and former Chief Operating Officer for three years, will not seek re-election at the Annual General Meeting on 12 August 2026 and will step down from the Board. Davide Caschili was appointed COO effective 10 June 2026, with Zielke remaining as director to support transition. Following the AGM, Zielke will continue in a consultancy capacity on operational matters. Chairman Larry Lipman credited Zielke's contributions to franchise operations and the Warsaw operational centre of excellence.",Routine management succession following planned transition; positive signal of orderly handover and continuity planning. No disruption implied given Caschili's June appointment overlap.,neutral,https://www.investegate.co.uk/announcement/rns/safestay--ssty/directorate-change-and-notice-of-agm/9674555
2026-07-17 08:00:00,2026-07-17T07:00:00.000,Bodycote PLC,BOY,HOL,Holding(s) in company,Holding(s) in Company,60716-9571,17693350,682.5,-0.727,"Goldman Sachs Group reports 3.02% voting stake in Bodycote PLC, down from 3.09%.","The Goldman Sachs Group Inc disclosed a holding of 3.019434% in Bodycote PLC as of 14 July 2026, comprising 5,067,477 direct voting rights (2.97%) and 85,251 voting rights via financial instruments (0.05%). This represents a decrease from the previous notification of 3.090482%. The stake was notified on 16 July 2026 and held through multiple Goldman Sachs entities across five ownership chains, primarily via Goldman Sachs Asset Management.",Routine major holdings disclosure showing a minor reduction in an institutional investor's stake; no material implications for shareholders or near-term trading.,neutral,https://www.investegate.co.uk/announcement/prn/bodycote--boy/holding-s-in-company/9674364
2026-07-17 08:00:00,2026-07-17T07:00:00.000,Geiger Counter Ltd,GCL,MSC,Miscellaneous,Investor Presentation via Investor Meet Company,6813M,17693349,60.0,0.84,,[summary failed: HTTP Error 529: <none>],,neutral,https://www.investegate.co.uk/announcement/rns/geiger-counter-limited--gcl/investor-presentation-via-investor-meet-company/9674361
2026-07-17 07:38:51,2026-07-17T06:38:51.000,Bank of Sharjah P.J.S.C.,PL63,IR,Interim results,Half-year Financial Report,7961M,17693335,98.98,,,,,,
2026-07-17 07:24:26,2026-07-17T06:24:26.000,Georgina Energy PLC,GEX,DSH,Director/PDMR shareholding,Share Awards,7966M,17693334,5.5,-0.901,"Georgina Energy grants 9.25m share awards to management, representing 4.3% of issued capital.","Georgina Energy PLC granted 9.25 million share awards to directors and officers on 14 July 2026, the first equity incentives since July 2024 IPO. CEO Anthony Hamilton and COO John Heugh each received 2.5m shares; CFO Mark Wallace 2.5m; Chairman Peter Bradley and NED Roy Pitchford 750k each; Company Secretary Silvertree Partners 250k. Awards form part of Long Term Incentive Programme per prospectus. New shares admit to LSE on 22 July 2026, enlarging capital to 222.76m shares.","Positive signal: management alignment with shareholder interests through LTIP, though share dilution of 4.3% may concern some investors. Market likely views as standard post-IPO remuneration implementation.",positive,https://www.investegate.co.uk/announcement/rns/georgina-energy-plc--gex/share-awards/9674344
2026-07-17 07:16:44,2026-07-17T06:16:44.000,Valterra Platinum Limited,VALT,DRL,Drilling/exploration,Production Report for the Second Quarter 2026,7965M,17693333,4854,-0.288,Valterra Platinum reports Q2 2026 production up 13% YoY but records two fatal workplace incidents.,"Valterra Platinum's Q2 2026 own-mined PGM production rose 13% to 525,700 ounces, driven by Amandelbult's 116% recovery from 2025 flooding, though offset by declines at Mogalakwena, Mototolo and Unki. Total PGM production increased 1% to 775,400 ounces. However, two work-related fatalities occurred: Thato Makuwa at Mogalakwena (9 June) and Mongezi Mbusi at Amandelbult (11 June). TRIFR rose 10% to 1.41/million hours. 2026 full-year guidance maintained at 3.0-3.4 million ounces M&C production. Realised basket price reached $2,710/oz, up 80% year-on-year.",Strong operational recovery and elevated commodity prices offset by serious safety failures that triggered TRIFR increase and executive acknowledgment of cultural shortcomings; market likely mixed on operational progress versus safety concerns.,neutral,https://www.investegate.co.uk/announcement/rns/valterra-platinum-limited--valt/production-report-for-the-second-quarter-2026/9674343
2026-07-17 07:05:00,2026-07-17T06:05:00.000,Valterra Platinum Limited,VALT,TST,Trading statement,Trading statement - six months ended 30 June 2026,7669M,17692816,4854,-0.288,"Valterra Platinum reports H1 2026 earnings up >1,300%, driven by 18% volume growth and 85% stronger PGM prices.","Valterra Platinum expects headline earnings of R18.5bn–R22.2bn (vs R1.2bn prior year) and headline EPS of 7,047–8,456 cents (vs 473 cents), representing >1,388% growth. Basic earnings projected at R18.6bn–R22.3bn (vs R0.6bn) with EPS of 7,085–8,494 cents (vs 223 cents), up >3,076%. Growth driven by 18% higher PGM sales volumes from recovered Amandelbult production post-flooding and rescheduled maintenance, plus 85% increase in dollar PGM basket price to $2,801/oz, translating to 66% rand price uplift. Results due 29 July 2026.",Substantial earnings beat driven primarily by commodity price strength and volume recovery—supportive for equity but highlights cyclical exposure; market likely views positively given scale of beat.,positive,https://www.investegate.co.uk/announcement/rns/valterra-platinum-limited--valt/trading-statement-six-months-ended-30-june-2026/9673825
2026-07-17 07:00:05,2026-07-17T06:00:05.000,MicroSalt PLC,SALT,NRA,,Investor Presentation via Investor Meet Company,7148M,17692592,21,5.528,MicroSalt to host investor presentation on 11 August via Investor Meet Company platform with CEO and CFO.,"MicroSalt PLC (AIM: SALT) announced a live investor presentation on Tuesday 11 August 2026 at 2pm BST featuring CEO Rick Guiney and Interim CFO Gary Urmston. The presentation, open to existing and potential shareholders via Investor Meet Company, allows pre-submission of questions until 10 August. MicroSalt manufactures low-sodium salt with 50% reduced sodium content using patented micron-sized particles, targeting the £10+ billion global salt market with a granted US patent and 14 pending applications worldwide.",Routine corporate engagement event; non-material announcement flagged as having no significant impact. Investors should monitor actual presentation content for substantive updates on commercialisation progress or market traction.,neutral,https://www.investegate.co.uk/announcement/rns/microsalt--salt/investor-presentation-via-investor-meet-company/9673594
2026-07-17 07:00:05,2026-07-17T06:00:05.000,Swedbank AB,81BO,DOC,,Swedbank’s interim report for the second quarte...,7186M,17692590,103.95,,Swedbank reports Q2 2026 profit of SEK 7.2bn; settles DFS investigation for USD 50m.,"Swedbank posted Q2 2026 net profit of SEK 7,195m (down 2% QoQ) with return on equity of 14.2%. H1 2026 profit fell 10% to SEK 14,540m versus H1 2025 (SEK 16,082m). Total income grew 6% QoQ to SEK 18,104m, driven by higher lending volumes and asset management commissions. Costs rose 14% QoQ to SEK 7,854m including SEK 860m extraordinary restructuring charges. Credit impairments doubled to SEK 313m. Post-quarter, Swedbank settled all DFS investigations with a USD 50m payment for failure to disclose in 2016 and 2018. Common Equity Tier 1 ratio stood at 17.4%.","Strong operational performance with volume growth offset by higher costs and normalizing credit impairments; DFS settlement removes regulatory overhang. Likely positive read given closure of historical compliance issues, though profit decline reflects restructuring headwinds.",positive,https://www.investegate.co.uk/announcement/rns/swedbank-ab--81bo/swedbank-s-interim-report-for-the-second-quarte-/9673592
2026-07-17 07:00:05,2026-07-17T06:00:05.000,SAGA PLC,SAGA,MSC,Miscellaneous,Outcome of audit tender,7156M,17692589,651,-1.214,"Saga to appoint PwC as external auditor from FY2028, replacing KPMG after nine years of service.","Saga plc's Board has approved PwC as the Company's independent external auditor for the financial year ending 31 January 2028, following a formal tender process by the Audit and Risk Committee. The appointment will be recommended to shareholders at the 2027 AGM. KPMG will continue as auditor for the year ending 31 January 2027. The Board thanked KPMG for its service since 2017 and acknowledged all firms participating in the tender process.","Routine auditor rotation following competitive tender; demonstrates governance rigour but signals no concerns about incumbent KPMG, likely a non-event for investors.",neutral,https://www.investegate.co.uk/announcement/rns/saga--saga/outcome-of-audit-tender/9673591
2026-07-17 07:00:05,2026-07-17T06:00:05.000,Revolution Beauty Group PLC,REVB,NOR,Notice of results,Notice of results and investor presentation,7130M,17692588,5.1,1.594,Revolution Beauty to announce FY2026 results on 21 July with live investor presentation via Investor Meet Company platform.,"Revolution Beauty Group PLC will release audited full year results for the year ended 28 February 2026 on Tuesday, 21 July 2026 at 11:00 am BST. CEO Tom Allsworth and CFO Neil Catto will host a live presentation on the Investor Meet Company platform. The global mass beauty business operates across c.17,500 retail doors in the UK, USA and international markets, employs 231 people, and combines DTC e-commerce with wholesale distribution channels.",Routine results announcement notice; scheduling of earnings call is standard practice and provides no directional insight into FY2026 performance. Market impact will depend entirely on actual results disclosure.,neutral,https://www.investegate.co.uk/announcement/rns/revolution-beauty-group--revb/notice-of-results-and-investor-presentation/9673590
2026-07-17 07:00:05,2026-07-17T06:00:05.000,Manx Financial Group PLC,MFX,MSC,Miscellaneous,2025 Scrip Dividend and Bonus Issue Share Price,4755M,17692585,25.5,0.0,Manx Financial Group sets scrip dividend and bonus issue share price at 22.1983p per share for 2025 distributions.,"MFX announced the share price for its 2025 dividend comprising a 0.5197p scrip dividend (with cash or share election option) and 0.2599p bonus issue, both approved at the June AGM. The dividend share price of 22.1983p was calculated using the lowest daily VWAP over 20 dealing days pre-ex-dividend date, capped at 20% discount to ex-date VWAP. Payment occurs 20 August 2026 to shareholders on register 10 July 2026, with scrip election deadline 27 July 2026.",Routine administrative disclosure setting terms for approved dividend payments; no material news or strategic implications for investors.,neutral,https://www.investegate.co.uk/announcement/rns/manx-financial-group--mfx/2025-scrip-dividend-and-bonus-issue-share-price/9673587
2026-07-17 07:00:05,2026-07-17T06:00:05.000,Anpario PLC,ANP,MSC,Miscellaneous,Block listing return,2694M,17692584,550.0,0.917,Anpario PLC files block listing return for employee share schemes covering January-July 2026 period.,"Anpario plc submitted its block listing return for four employee share schemes (SAYE, EMI, Unapproved, and Company Share Option Plan) for the period 17 January to 16 July 2026. No securities were issued or allotted during the period, and no increases to scheme allocations were applied for. Unallocated balances remain: SAYE 4,579 shares, EMI 57,373 shares, Unapproved 60,000 shares, and Company Share Option Plan 19,200 shares.",Routine regulatory disclosure with no material share issuance activity. The absence of allocations suggests limited current employee participation or utilisation of schemes.,neutral,https://www.investegate.co.uk/announcement/rns/anpario--anp/block-listing-return/9673586
2026-07-17 07:00:05,2026-07-17T06:00:05.000,Alumasc Group PLC (The),ALU,BOA,Board appointment/change,Suspension of CEO & Changes in Leadership ,7964M,17692583,210.0,-8.696,Alumasc CEO Pamela Bingham suspended pending investigation into professional conduct; Non-Executive Chair Vijay Thakrar assumes executive role.,"Alumasc Group PLC has suspended CEO Pamela Bingham pending a full investigation into matters relating to her professional conduct, supported by professional advisors. Non-Executive Chair Vijay Thakrar will temporarily assume Executive Chair responsibilities. The management team includes divisional managing directors and CFO with approximately 35 years combined tenure at Alumasc. The Group reported resilient performance despite challenging market conditions and enters the new financial year with a significantly expanded order book.","Market likely to view negatively due to executive uncertainty and governance concerns, though operational continuity supported by experienced management team and strong order book provides some reassurance.",negative,https://www.investegate.co.uk/announcement/rns/alumasc-group--alu/suspension-of-ceo-changes-in-leadership-/9673585
2026-07-17 07:00:05,2026-07-17T06:00:05.000,Tekcapital plc,TEK,PFU,Portfolio update,Portfolio Company Update - Vesari Inc ,7958M,17692582,4.2,1.205,Tekcapital portfolio company Vesari appoints leading geothermal scientist Dr. Joseph N. Moore to Science Advisory Board.,"Vesari Inc., in which Tekcapital holds 51%, has appointed Dr. Joseph N. Moore to its newly formed Science Advisory Board. Moore is a renowned geothermal expert with five decades' experience, former Managing Principal Investigator of Utah's $300 million DOE-funded FORGE programme, and recipient of multiple prestigious geothermal industry awards. Vesari is developing technology for geothermal-powered hyperscale AI compute infrastructure, and Moore will guide subsurface and reservoir strategy as the company assembles advisors across geothermal energy, power management, and satellite technology.","Credibility boost for early-stage Vesari through high-profile scientific appointment, but announcement remains operational update with no financial metrics or commercial milestones; unlikely to meaningfully move Tekcapital share price without broader commercialisation progress.",neutral,https://www.investegate.co.uk/announcement/rns/tekcapital--tek/portfolio-company-update-vesari-inc-/9673584
2026-07-17 07:00:05,2026-07-17T06:00:05.000,Conduit Holdings Limited,CRE,NOR,Notice of results,Notice of Results,7207M,17692591,434.5,-0.912,Conduit Holdings to release H1 2026 interim results on 29 July with analyst presentations and retail investor session scheduled.,"Conduit Holdings Limited (LSE: CRE), the parent of Bermuda-based multi-line reinsurer Conduit Re, will release interim financial results for the six months ended 30 June 2026 on 29 July 2026 at 7:00 am UK time. Management will host separate presentations: an analyst and investor webcast/call at 12:00 pm UK time and a retail investor presentation via Investor Meet Company at 4:00 pm UK time. The company holds an A- Financial Strength Rating from A.M. Best with stable outlook.",Routine disclosure of results timing and presentation arrangements; no new financial information or material disclosed in this notice. Market impact depends on actual H1 results when released.,neutral,https://www.investegate.co.uk/announcement/rns/conduit-holdings-limited-com-shs-di---cre/notice-of-results/9673593
2026-07-17 07:00:04,2026-07-17T06:00:04.000,Bridgepoint Group plc,BPT,IR,Interim results,Half-year Report,7203M,17692557,326.6,4.013,"Bridgepoint Group H1 2026: Strong growth across fundraising, fee income, and returns; raised €26bn toward €28bn target.","Bridgepoint reported record H1 2026 results with underlying EBITDA up 77.6% to £227.3m, fee-paying AUM rising 32.7% to $58.4bn, and management fees up 22.8% to £254.4m. Performance-related earnings surged 109.5% to £120.7m, driven by successful fund exits including €16.6bn returned to investors (record). The group raised €26bn of its increased €28bn 2026 fundraising target. Announced acquisition of Kayne Anderson Real Estate (KARE) in late June to strengthen US real estate capabilities. Interim dividend 4.8p per share payable October 2026. Full-year guidance maintained; €28bn fundraising target, 13-16% management fee growth, 55-60% EBITDA margin for 2026/27.","Strong operational momentum and capital deployment activity supports guidance, but reported profit before tax down 29% due to acquisition-related exceptional costs and amortisation, masking underlying strength. Market likely reads as positive on strategy execution and growth trajectory despite near-term cost headwinds.",positive,https://www.investegate.co.uk/announcement/rns/bridgepoint-group-reg-s---bpt/half-year-report/9673554
2026-07-17 07:00:04,2026-07-17T06:00:04.000,Malvern International PLC,MLVN,IOE,Issue of equity,Issue of Options,7261M,17692558,21,0.0,Malvern International cancels old share options and grants 2.6m new options to 12 managers at 21p exercise price with tiered vesting targets.,"Malvern International PLC (AIM: MLVN) has cancelled 2.15m existing share options previously granted to management at 10p-24p exercise prices, deeming them ineffective retention tools. The company granted 2.635m new options to 12 staff members (including CEO Richard Mace with 520,000 options, CFO-designate Daniel Chaffer with 380,000, and Chief Development Officer Stephen Harvey with 100,000) at 21p exercise price, representing 7.9% of current issued capital. Options vest in tranches over two-three years at share price milestones of 45p, 80p, 120p and 150p, with ten-year lifespans. The exercise price reflects the closing share price on 15 July 2026.",Restructured incentives signal management confidence in growth trajectory and better align executive interests with shareholders. Market likely views neutrally as routine governance; no material dilution concern given reduced option pool.,neutral,https://www.investegate.co.uk/announcement/rns/malvern-international--mlvn/issue-of-options/9673560
2026-07-17 07:00:04,2026-07-17T06:00:04.000,Supermarket Income REIT PLC,SUPR,HOL,Holding(s) in company,Holding(s) in Company,6979M,17692563,85.75,0.292,BlackRock reduces Supermarket Income REIT stake from 6.69% to 7.23% via shareholding and financial instruments.,"BlackRock, Inc. crossed a notification threshold in Supermarket Income REIT PLC on 15 July 2026, with total voting rights increasing to 7.23% (90.3m votes) from 6.69% previously. Holdings comprise 4.97% direct shares (62m), 1.56% via securities lending (19.5m), and 0.70% via cash-settled CFDs (8.7m). The increase reflects acquisition activity through multiple controlled undertakings across jurisdictions.",Routine major holding disclosure indicating passive institutional investor activity; no strategic signal. Slight increase in already-significant stake unlikely to materially impact share price absent broader context.,neutral,https://www.investegate.co.uk/announcement/rns/supermarket-income-reit--supr/holding-s-in-company/9673565
2026-07-17 07:00:04,2026-07-17T06:00:04.000,EnSilica PLC,ENSI,DSH,Director/PDMR shareholding,Grant of Options,7183M,17692573,87.5,1.981,"EnSilica grants share options to three executives under LTIP 2022, with vesting tied to EBITDA and TSR targets through 2029-2030.","EnSilica's Remuneration Committee approved options over ordinary shares to executives: Mark Hodgkins (Chairman, 393,000 options), Ian Lankshear (CEO, 1,212,000 options), and Kristoff Rademan (CFO, 561,000 options). Total of 2.166m options granted at 0.1p exercise price. Vesting occurs following FY2029 results if adjusted EBITDA reaches £10-13m and average share price hits 150-200p, with extension to FY2030 at higher thresholds (£12-15m EBITDA, 172-252p share price). 50% of vested shares subject to one-year holding period.",Standard long-term incentive scheme aligning management with shareholder value over three years; demonstrates confidence in growth trajectory but depends on execution of ambitious financial targets.,neutral,https://www.investegate.co.uk/announcement/rns/ensilica--ensi/grant-of-options/9673575
2026-07-17 07:00:04,2026-07-17T06:00:04.000,GetBusy PLC,GETB,BOA,Board appointment/change,Directorate change,7182M,17692572,68.5,1.481,"GetBusy appoints Paul Huberman as chairman, replacing Dr Miles Jakeman after nine years.","Dr Miles Jakeman AM steps down as chairman and director after nine years leading GetBusy through its 2017 IPO and transformation into a focused SaaS and AI business. Paul Huberman, a chartered accountant who has been non-executive director and audit committee chairman since 2020, succeeds him immediately. Huberman previously served as finance director at three London-listed companies and currently holds non-executive roles. Nigel Payne returns as audit committee chairman, a position he held 2017-2020.",Planned succession with internal promotion of experienced finance executive signals continuity and governance stability; market likely neutral as transition is orderly and successor is well-qualified.,neutral,https://www.investegate.co.uk/announcement/rns/getbusy--getb/directorate-change/9673574
2026-07-17 07:00:04,2026-07-17T06:00:04.000,Polar Capital Holdings PLC,POLR,DSH,Director/PDMR shareholding,Director/PDMR Shareholding,7169M,17692571,889,-0.892,"Polar Capital grants LTIP awards to four executives on 16 July 2026, with vesting after three years subject to performance conditions.","Polar Capital granted conditional share awards under its 2026 Executive Incentive Plan to CEO Iain Evans (117,005 shares), CFO Samir Ayub (69,077 shares), CIO Alexander Black (69,077 shares), and COO Nicholas Farren (58,343 shares). Awards valued at 899p average share price vest after three years, subject to continued employment and performance metrics: 35% tied to adjusted diluted EPS targets, 35% to FTSE 250 relative TSR, 10% to net inflows from key geographies, and 20% to strategic progress. Vested shares subject to two-year holding period post-vesting.","Routine disclosure of executive compensation with standard performance hurdles and extended holding periods. Market typically views this neutrally as expected management incentive alignment, though concentrated awards suggest board confidence in leadership.",neutral,https://www.investegate.co.uk/announcement/rns/polar-capital-holdings--polr/director-pdmr-shareholding/9673573
2026-07-17 07:00:04,2026-07-17T06:00:04.000,Ibstock PLC,IBST,BOA,Board appointment/change,Directorate Change,7157M,17692569,96.8,0.259,Ibstock's independent non-executive director Adepeju Adebajo to step down 23 September 2026.,"Adepeju Adebajo, Independent Non-Executive Director at Ibstock PLC since 2021, has notified the Board of her intention to resign effective 23 September 2026 to pursue other opportunities. Chair Richard Akers thanked her for valuable contributions. The Nomination Committee will lead the search for a successor, with further announcements to follow.",Routine board transition with adequate notice period; successor search already commencing suggests minimal disruption to governance. Likely non-event for market.,neutral,https://www.investegate.co.uk/announcement/rns/ibstock--ibst/directorate-change/9673571
2026-07-17 07:00:04,2026-07-17T06:00:04.000,Trekor Metals Limited,TKO,DSH,Director/PDMR shareholding,Director/PDMR Shareholding,7142M,17692568,535,0.0,"Trekor Metals executive Richard Tremblay exercised 100,000 options and sold 100,000 shares at C$11.14/share on July 15.","Executive Richard Tremblay exercised 100,000 share options (at C$3.06) and immediately sold 100,000 common shares at an average price of C$11.14 per share (£5.86) on July 15, 2026. The transaction was conducted on the Toronto Stock Exchange and NYSE American. Trekor is a North American copper producer with operations including the Gibraltar Mine in British Columbia and Florence Copper in Arizona, which recently commenced commercial production.","Insider selling at current market levels; while not necessarily bearish, simultaneous option exercise and full share sale-off suggests limited conviction in near-term upside by management.",neutral,https://www.investegate.co.uk/announcement/rns/taseko-mines-limited-npv-di---tko/director-pdmr-shareholding/9673570
2026-07-17 07:00:04,2026-07-17T06:00:04.000,Kodal Minerals PLC,KOD,UPD,,Bougouni Lithium Project Quarterly Update ,7959M,17692559,0.295,1.724,"Kodal Minerals' Bougouni lithium project produces 26,174 tonnes Q2 spodumene concentrate; receives first US$13m loan repayment from operator.","Kodal (49% stake in KMUK, which holds 65% of mining operator LMLB) reported Q2 production of 26,174 DMT spodumene concentrate grading 5.34% Li₂O, with year-to-date output of 53,195 DMT. Third shipment (20,400 tonnes) arrived June 27 at US$2,304/DMT equivalent; fourth shipment (24,200 tonnes) departed July 11. LMLB repaid US$13m loan during quarter, with KMUK using proceeds to reduce Hainan debt. Production underperformed due to May crushing circuit maintenance; operations normalized in June. Phase Two floatation plant development continues.","Positive momentum: operational production ramping post-maintenance, regular exports materializing at strong lithium prices, debt reduction progressing, and mine operator generating sufficient cashflow for loan repayment demonstrates project viability.",positive,https://www.investegate.co.uk/announcement/rns/kodal-minerals--kod/bougouni-lithium-project-quarterly-update-/9673561
2026-07-17 07:00:04,2026-07-17T06:00:04.000,Alumasc Group PLC (The),ALU,TST,Trading statement,Full Year Trading Update ,7962M,17692561,210.0,-8.696,Alumasc reports resilient FY26 performance with £107m revenue and £10m UPBT despite macro headwinds; order book up 49%.,"Alumasc delivered FY26 revenue of £107m (FY25: £113m) and underlying PBT of £10m (FY25: £14m), broadly meeting revised guidance despite strengthened demand headwinds in final quarter. Order book grew 49% year-on-year driven by commercial strategy refocus. Housebuilding Products revenue increased 16%; Building Envelope stable; Water Management declined 16% (3% excluding Hong Kong CLK project). Net bank debt leverage remains strong at 0.5x with £7m net debt.","Mixed read: strong order book growth and operational improvements offset by lower profitability and revenue decline, with macro uncertainty persisting. Market likely neutral-to-cautious given guidance met but earnings down and Water Management headwinds ongoing.",neutral,https://www.investegate.co.uk/announcement/rns/alumasc-group--alu/full-year-trading-update-/9673563
2026-07-17 07:00:04,2026-07-17T06:00:04.000,ITM Power PLC,ITM,DSH,Director/PDMR shareholding,Director/PDMR Shareholding,6709M,17692562,99.6,-4.962,ITM Power execs acquire shares via staff scheme at £1.12 per share in July,"ITM Power's Chief Executive Officer Dennis Schulz and Chief Technology Officer Simon Bourne each purchased 134 partnership shares and received 134 matching shares on 15 July 2026 under the company's Buy as You Earn Share Incentive Plan, acquiring 268 shares each at £1.1231 per share. The scheme allows employees to buy up to £150 of shares monthly with one-for-one company matching.",Routine share scheme participation by executives; indicates confidence in company but non-material in isolation; typical of BAYE administrative disclosures with no predictive value.,neutral,https://www.investegate.co.uk/announcement/rns/itm-power--itm/director-pdmr-shareholding/9673564
2026-07-17 07:00:04,2026-07-17T06:00:04.000,Odyssean Investment Trust PLC,OIT,MSC,Miscellaneous,Block listing application,7041M,17692586,220.0,0.0,Odyssean Investment Trust applies for 5m share block listing on LSE to manage premium to NAV.,"Odyssean Investment Trust PLC has applied to the London Stock Exchange for a block listing of 5,000,000 ordinary shares of 1 pence each, effective 20 July 2026. This augments the existing block listing with 1,560,921 remaining shares. The new shares will be reserved and issued to meet market demand and manage the premium at which shares trade, consistent with the company's premium management policy.","Standard capital management tool; allows controlled issuance to prevent excessive premiums. Routine process for investment trusts, typically viewed as shareholder-friendly premium management.",neutral,https://www.investegate.co.uk/announcement/rns/odyssean-investment-trust--oit/block-listing-application/9673588
2026-07-17 07:00:04,2026-07-17T06:00:04.000,Riverstone Credit Opps. Inc PLC,RCOI,PFU,Portfolio update,Investment and Quarterly Update,7011M,17692564,0.7425,,RCOI reports Q2 2026 NAV held steady at $0.90 per share; cumulative 36.5% NAV total return since IPO.,"Riverstone Credit Opportunities Income plc's unaudited NAV per ordinary share remained flat at $0.90 as of 30 June 2026 versus 31 March 2026. The energy infrastructure credit fund maintains a portfolio of 100% floating-rate, senior secured loans with 36.5% cumulative NAV total return since May 2019 IPO and 43.7 cents in cumulative dividends paid. Current portfolio includes 3 unrealised investments valued at $30.1mm and 23 realised investments generating $257.9mm gross realised capital with average 1.20x gross MOIC.","Flat quarterly NAV suggests portfolio stability but underwhelming near-term momentum; continued dividend generation supports income investors, but zero NAV growth may disappoint growth-oriented holders.",neutral,https://www.investegate.co.uk/announcement/rns/riverstone-credit-opportunities-income--rcoi/investment-and-quarterly-update/9673566
2026-07-17 07:00:04,2026-07-17T06:00:04.000,Helix Exploration PLC,HEX,DSH,Director/PDMR shareholding,Grant of Options,7092M,17692565,23.25,-5.102,Helix Exploration grants 8.55m share options to directors and consultants at 22p exercise price.,"Helix granted 8.55m options to directors and consultants on 17 July 2026. CEO Bo Sears received 2.75m options, Chairman Keith Spickelmier 2.75m, CFO Ryan Neates 1.1m, and NED Gregg Peters 750k, all at 22p strike expiring July 2031. Two business development consultants received 1.2m combined options with share-price hurdles (35p, 45p, 55p) over 20 consecutive days. Grants align with IPO management incentive strategy and recognise 18-month milestones including Rudyard Project production commencement in February 2026 and July 2026 Keyes acquisition completion.",Standard PDMR incentive grant tying management to equity upside; shows confidence post-production ramp and acquisition completion. Market likely views this neutrally as routine capital management during operational ramp-up phase.,neutral,https://www.investegate.co.uk/announcement/rns/helix-exploration--hex/grant-of-options/9673567
2026-07-17 07:00:04,2026-07-17T06:00:04.000,Celebrus Technologies PLC,CLBS,DSH,Director/PDMR shareholding,Director/PDMR Dealing,7138M,17692566,103,0.0,"Celebrus CFO Ash Mehta purchases 40,000 shares at average price of 102.14p, increasing stake to 0.58%.","Ash Mehta, Chief Financial Officer of Celebrus Technologies PLC (AIM: CLBS), purchased 40,000 ordinary shares on 16 July 2026 in two equal tranches at 102.17p and 102.10p per share, averaging 102.14p. Following the transaction, Mehta's total beneficial holding increased to 220,070 shares, representing approximately 0.58% of the company's voting rights. The purchase was executed on the London Stock Exchange AIM market.","Insider buying by CFO signals management confidence in the data solutions business, though modest stake size limits significance as strong conviction signal for retail investors.",positive,https://www.investegate.co.uk/announcement/rns/celebrus-technologies--clbs/director-pdmr-dealing/9673568
2026-07-17 07:00:04,2026-07-17T06:00:04.000,European Green Transition PLC,EGT,DSH,Director/PDMR shareholding,Long Term Incentive Awards,7139M,17692567,9.5,0.0,"EGT grants 12.4m share options to executives and management, representing 4.4% of issued capital, with three-year vesting.","European Green Transition PLC awarded options over 11,833,333 shares to Executive Chairman Cathal Friel (6,666,667 options) and CFO Jack Kelly (4,166,667 options), plus 571,000 options to Wind Energy Services Managing Director David Broadbank. All awards carry nominal 0.25p exercise price and vest after three years subject to continued employment and revenue growth targets. Options represent 4.4% of current issued share capital. Awards include standard malus, clawback, and leaver provisions designed to retain key executives and align with shareholder interests.",Routine retention incentive aligned with post-acquisition integration strategy; demonstrates confidence in Wind Energy Services growth targets but dilution of 4.4% may concern some shareholders. Largely non-event given standard terms and performance conditions.,neutral,https://www.investegate.co.uk/announcement/rns/european-green-transition--egt/long-term-incentive-awards/9673569
2026-07-17 07:00:03,2026-07-17T06:00:03.000,Babcock International Group PLC,BAB,POS,Change of position,Transaction in Own Shares,7108M,17692525,1037.5,0.484,"Babcock International repurchased 14,665 shares on 16 July 2026 at average price of 1,020.52p as part of ongoing buyback programme.","Babcock International Group purchased 14,665 ordinary shares on 16 July 2026 through J.P. Morgan Securities plc at prices ranging from 1,006.5p to 1,028.5p, with a volume-weighted average price of 1,020.52p. Since 1 July 2026, the company has acquired 855,054 shares for £8.6m. The company holds 13.4m treasury shares with 492.2m shares in issue. Shares will be held in treasury.",Routine share buyback execution within disclosed programme; demonstrates capital discipline but represents incremental shareholder return in context of operational performance—non-event absent broader strategic signals.,neutral,https://www.investegate.co.uk/announcement/rns/babcock-international-group--bab/transaction-in-own-shares/9673529
2026-07-17 07:00:03,2026-07-17T06:00:03.000,HICL Infrastructure PLC,HICL,POS,Change of position,Transaction in Own Shares,7105M,17692524,135.4,0.0,"HICL Infrastructure repurchased 100,000 shares at average price of 134.35p on 16 July.","HICL Infrastructure PLC purchased 100,000 ordinary shares through Investec Bank plc on 16 July 2026 at a weighted average price of 134.3548p (range 134.00p-135.40p). The company now holds 166.5 million treasury shares, with 1.86 billion shares in issue excluding treasury holdings. HICL intends to retain these shares as treasury stock.",Routine share buyback within an established programme; modest scale suggests capital management rather than strategic signal; likely neutral market reception as no new information on operational performance or strategy.,neutral,https://www.investegate.co.uk/announcement/rns/hicl-infrastructure--hicl/transaction-in-own-shares/9673526
2026-07-17 07:00:03,2026-07-17T06:00:03.000,HarbourVest Global Priv. Equity Ltd,HVPE,POS,Change of position,Transaction in Own Shares,7107M,17692523,3345,-0.298,"HVPE repurchased 7,000 shares at £33.54 per share for cancellation; share count now 69.6m.","HarbourVest Global Private Equity Limited purchased 7,000 ordinary shares on 16 July 2026 at an average price of £33.544 per share for cancellation, pursuant to authority granted at its 15 July 2026 AGM. Following this transaction, the company has 69,626,352 shares in issue. The updated share count serves as the denominator for FCA Disclosure Guidance and Transparency Rules notifications.",Routine share buyback for cancellation; modest transaction size (£235k) suggests capital management rather than strategic signal; market likely treats as non-event given scale relative to £2.3bn+ market cap.,neutral,https://www.investegate.co.uk/announcement/rns/harbourvest-global-private-equity-limited-a-shs--hvpe/transaction-in-own-shares/9673528
2026-07-17 07:00:03,2026-07-17T06:00:03.000,International Workplace Group PLC,IWG,POS,Change of position,Transaction in Own Shares,7104M,17692521,194.9,0.154,"IWG purchased 154,000 shares on 16 July as part of ongoing £297m buyback programme initiated December 2025.","International Workplace Group PLC acquired 154,000 ordinary shares on 16 July 2026 at volume-weighted average price of 1.9205p across multiple venues. Total programme purchases since December 2025 now stand at 39.86m shares. Following this tranche, 954.43m shares remain in issue (excluding treasury). Shares will be cancelled or held in treasury per shareholder authority granted at May 2026 AGM.",Routine share buyback execution within pre-approved programme; demonstrates capital returns discipline but immaterial to fundamentals without context on valuation rationale or broader capital allocation strategy.,neutral,https://www.investegate.co.uk/announcement/rns/iwg--iwg/transaction-in-own-shares/9673525
2026-07-17 07:00:03,2026-07-17T06:00:03.000,Barings Emerging EMEA Opportunities,BEMO,POS,Change of position,Transaction in Own Shares,7085M,17692520,800.0,-2.439,"Barings Emerging EMEA Opportunities repurchased 1,493 shares at 808.45p per share for cancellation.","On 16 July 2026, Barings Emerging EMEA Opportunities PLC purchased 1,493 of its own ordinary shares on the London Stock Exchange at a weighted average price of 808.45 pence per share from J.P. Morgan Securities plc. The shares will be cancelled. Following the transaction, the company holds 3,318,207 treasury shares and has 11,491,412 ordinary shares in issue.",Routine share buyback for cancellation; modest scale suggests capital management rather than material signalling; typical for investment companies but immaterial to valuation.,neutral,https://www.investegate.co.uk/announcement/rns/barings-emerging-emea-opportunities--bemo/transaction-in-own-shares/9673523
2026-07-17 07:00:03,2026-07-17T06:00:03.000,Edinburgh Investment Trust PLC,EDIN,POS,Change of position,Transaction in Own Shares,7101M,17692519,830.0,0.242,"Edinburgh Investment Trust repurchased 50,000 shares at 827.80p on 16 July, holding them in treasury.","Edinburgh Investment Trust PLC purchased 50,000 ordinary shares on 16 July 2026 via Investec Bank at an average price of 827.80p per share, intending to hold them in treasury. The company now holds 69,699,709 shares in treasury out of 195,666,734 issued shares, leaving 125,967,025 shares with voting rights outstanding.","Routine share buyback within normal capital management; modest scale repurchase suggests modest shareholder value accretion, market unlikely to react significantly.",neutral,https://www.investegate.co.uk/announcement/rns/edinburgh-inv-trust--edin/transaction-in-own-shares/9673524
2026-07-17 07:00:03,2026-07-17T06:00:03.000,AdvancedAdvT Limited,ADVT,POS,Change of position,Purchase of Own Shares ,7117M,17692527,160.0,0.0,"AdvancedAdvT completes further share buyback of 25,000 shares at 160p, bringing cumulative total to 5.25m shares.","AdvancedAdvT Limited (AIM: ADVT) purchased 25,000 ordinary shares on 16 July 2026 at 160.00 pence per share, to be held in treasury. The cumulative buyback programme total now reaches 5,253,100 shares since March 2026. Following the purchase, total voting rights stand at 131,872,706 shares out of 137,125,806 issued shares.",Routine buyback execution within previously announced programme; modest share count reduction supports potential EPS accretion but signals no material strategic development.,neutral,https://www.investegate.co.uk/announcement/rns/advancedadvt-limited-npv-di---advt/purchase-of-own-shares-/9673530
2026-07-17 07:00:03,2026-07-17T06:00:03.000,Eagle Eye Solutions Group PLC,EYE,TST,Trading statement,FY26 Trading Update and Notice of Results,7193M,17692546,495,6.452,"Eagle Eye beats FY26 expectations with 31% ARR growth and £9.8m adjusted EBITDA, exceeding market forecasts.","Eagle Eye reported FY26 ARR growth of 31% to £44.5m, with group revenue of £46.7m (down 3% including NRS loss, but +21% excluding it). Adjusted EBITDA reached £9.8m at 21% margin, materially ahead of consensus expectations of £7.0m. The company secured major new customers including easyJet, Subway, and a top UK health & beauty retailer, plus first OEM partnership contracts. Net cash strengthened to £16.1m. Management targets double-digit revenue and EBITDA growth in FY27, with medium-term ambitions of £100m+ revenue and 30%+ EBITDA margin.","Strong operational recovery post-NRS loss with beat on profitability and momentum in customer wins likely resonates positively; positive cash generation and OEM progress support growth narrative, though near-term guidance remains cautiously phased.",positive,https://www.investegate.co.uk/announcement/rns/eagle-eye-solutions-group--eye/fy26-trading-update-and-notice-of-results/9673549
2026-07-17 07:00:03,2026-07-17T06:00:03.000,Glanbia PLC,GLB,POS,Change of position,Transaction in Own Shares,7126M,17692529,23.1,,"Glanbia repurchased 13,224 shares at €23.02 average price on July 16, progressing its €50m buyback programme.","Glanbia plc purchased 13,224 ordinary shares on Euronext Dublin at a volume-weighted average price of €23.0151 per share, with prices ranging from €22.78 to €23.20. The shares will be cancelled. This transaction is part of the company's €50 million share buyback programme announced February 25, 2026, and scheduled to complete by September 30, 2026. Following settlement, Glanbia will have 238,922,743 ordinary shares in issue.",Share buybacks typically signal management confidence in valuation and provide modest capital discipline; routine execution suggests steady programme progression with no material market-moving implications.,neutral,https://www.investegate.co.uk/announcement/rns/glanbia-cdi---glb/transaction-in-own-shares/9673532
2026-07-17 07:00:03,2026-07-17T06:00:03.000,Greencoat Renewables PLC,GRP,POS,Change of position,Transaction in Own Shares,7128M,17692530,0.758,,Greencoat Renewables repurchased 760 shares at €0.7510-€0.7570 on 16 July as part of its March 2026 buyback programme.,"Greencoat Renewables PLC purchased 760 ordinary shares on Euronext Dublin on 16 July 2026 at prices ranging from €0.7510 to €0.7570 per share, with a volume-weighted average price of €0.7570. The shares will be cancelled. Following settlement, the company holds 200,000 treasury shares and has 1,083,472,954 shares in issue. The purchase forms part of the company's share buyback programme announced 5 March 2026.",Routine share buyback execution; modest scale (760 shares) and consistent pricing suggest orderly capital management rather than material market signal.,neutral,https://www.investegate.co.uk/announcement/rns/greencoat-renewables-cdi---grp/transaction-in-own-shares/9673533
2026-07-17 07:00:03,2026-07-17T06:00:03.000,M. P. Evans Group PLC,MPE,POS,Change of position,Transaction in Own Shares,7131M,17692531,1646,-1.319,"M.P. Evans repurchased 2,390 shares for cancellation on 16 July 2026 at an average price of 1,632.53p.","M.P. Evans Group PLC purchased 2,390 of its own shares through Cavendish Capital Markets for cancellation on 16 July 2026. Shares were bought at prices ranging from 1,612p to 1,658p per share, with a volume-weighted average price of 1,632.53p. Following cancellation, the company now has 52,162,259 shares in issue, representing total voting rights for Disclosure and Transparency Rules purposes.",Routine share buyback execution; modest volume reflects ongoing capital management. No material market implications from this incremental repurchase.,neutral,https://www.investegate.co.uk/announcement/rns/m-p-evans-group--mpe/transaction-in-own-shares/9673534
2026-07-17 07:00:03,2026-07-17T06:00:03.000,AEP Plantations PLC,AEP,POS,Change of position,Transaction in Own Shares,7133M,17692532,167,-0.595,"AEP Plantations repurchased 57,471 shares on 16 July at 166-173p as part of its announced buyback programme.","AEP Plantations purchased 57,471 ordinary shares on 16 July 2026 at prices ranging from 166p to 173p, with a volume-weighted average of 168.5p, through Cavendish Capital Markets. Since the buyback programme's announcement on 6 July, the company has acquired 420,031 shares in aggregate, now held in treasury. Following this transaction, 399,762,720 shares remain in issue with 383,173,449 voting rights outstanding.",Routine capital management activity; share buybacks typically signal management confidence but have minimal immediate market impact absent broader context on capital allocation strategy.,neutral,https://www.investegate.co.uk/announcement/rns/anglo-eastern-plantations--aep/transaction-in-own-shares/9673535
2026-07-17 07:00:03,2026-07-17T06:00:03.000,Science Group PLC,SAG,POS,Change of position,Transaction in Own Shares,7135M,17692533,590.0,,"Science Group PLC repurchased 15,000 shares at 585p per share on 16 July 2026 for treasury.","Science Group plc purchased 15,000 of its 1 pence ordinary shares at 585 pence per share on 16 July 2026, representing 0.04% of voting rights. The shares were bought through Panmure Liberum Limited via AIMX at 11:33:31 and will be held in treasury. Following the purchase, 40,687,593 ordinary shares remain in issue (excluding 5,498,281 treasury shares).",Routine share buyback disclosed under Market Abuse Regulation; modest scale suggests continuation of existing capital management programme with no material implications.,neutral,https://www.investegate.co.uk/announcement/rns/science-group--sag/transaction-in-own-shares/9673536
2026-07-17 07:00:03,2026-07-17T06:00:03.000,Sainsbury(J) PLC,SBRY,POS,Change of position,Transaction in Own Shares,7147M,17692534,358.6,1.414,Sainsbury bought 3.775m shares (£13.1m) over six days ending 16 July as part of existing buyback programme.,"J Sainsbury PLC purchased 3,775,000 ordinary shares between 10–16 July 2026 via Shore Capital Stockbrokers for £13,080,544 (average price 346.5p). Transactions spanned multiple venues (XLON, CHIX, BATE, AQXE, TRQX) with prices ranging 337.8p–354.3p. Purchases form part of the buyback programme authorised 23 April 2026. All shares will be cancelled. Full execution details disclosed per MAR requirements.",Routine share buyback execution disclosure within pre-announced programme. Continued capital returns signal confidence but no material news; standard market practice.,neutral,https://www.investegate.co.uk/announcement/rns/sainsbury-j---sbry/transaction-in-own-shares/9673537
2026-07-17 07:00:03,2026-07-17T06:00:03.000,Thalia Therapeutics PLC,THAT,AGM,AGM statement,AGM Statement,7150M,17692535,0.65,0.0,"Thalia Therapeutics holds AGM to approve Sanmirna acquisition and £2.75m fundraise, advancing RNA therapeutics pipeline.","Thalia Therapeutics seeks shareholder approval today for the acquisition of Sanmirna Therapeutics and an oversubscribed £2.75 million fundraise. The deal adds miRisten, a Phase 1 microRNA therapeutic for Acute Myeloid Leukaemia, plus the Nuvec® delivery platform and a dual-targeting cardiovascular siRNA programme. The company expects miRisten Phase 1 topline data in H1 2027, with funding secured for planned work streams across the expanded portfolio.","Material value-creation catalyst with funded pipeline de-risking clinical progression; acquisition strengthens portfolio and near-term data readouts ahead provide catalysts, though biotech execution risk remains.",positive,https://www.investegate.co.uk/announcement/rns/thalia-therapeutics-plc--that/agm-statement/9673538
2026-07-17 07:00:03,2026-07-17T06:00:03.000,Avation PLC,AVAP,POS,Change of position,Transaction in Own Shares,7152M,17692536,137,,"Avation repurchases 20,000 shares at 137.5p under approved buyback programme.","Aircraft leasing company Avation PLC repurchased 20,000 ordinary shares on 16 July 2026 at 137.5 pence per share, holding them in treasury. Following the transaction, 61,425,369 shares remain in issue with 1,600,068 held in treasury, reducing voting rights to 59,825,301. The repurchase is conducted under an approved buyback mandate authorising up to 25% of issued capital, approved at the November 2025 AGM and valid until the next AGM.",Routine share buyback execution within approved programme; modest scale suggests measured capital management; no material positive or negative signal for share price.,neutral,https://www.investegate.co.uk/announcement/rns/avation--avap/transaction-in-own-shares/9673539
2026-07-17 07:00:03,2026-07-17T06:00:03.000,Metir PLC,MET,AGR,,Strategic MOU Signed with Portsmouth Aviation,7154M,17692537,0.725,-6.452,Metir PLC signs MOU with Portsmouth Aviation's Paqua division to combine water purification and biological monitoring technologies.,"Metir plc has entered a non-binding Memorandum of Understanding with Portsmouth Aviation Limited's Paqua trading division to evaluate integrated water treatment and monitoring solutions. The collaboration combines Paqua's PaquaVida water purification platform—capable of producing up to 300,000 litres of potable water daily—with Metir's Modern Water Microtox® biological monitoring technology. Initial focus targets Gulf Cooperation Council markets where Metir already operates 27 Continuous Toxicity Monitors in Doha's drinking water network, with expansion to UK and international markets under evaluation.",Early-stage partnership exploration with complementary technologies in high-growth water infrastructure markets; positive signal for addressable opportunity but non-binding MOU carries execution risk and provides no immediate commercial commitment or revenue visibility.,positive,https://www.investegate.co.uk/announcement/rns/metir-plc--met/strategic-mou-signed-with-portsmouth-aviation/9673540
2026-07-17 07:00:03,2026-07-17T06:00:03.000,Smiths News PLC,SNWS,CNT,,National Contract Awards - Frontline and Seymour,7159M,17692538,70.0,4.478,"Smiths News secures major long-term contracts with Frontline and Seymour, adding £105m annual revenue from April 2030.","Smiths News has won new long-term contracts with Frontline Limited and Seymour Distribution Limited, extending its appointment as exclusive national wholesale distributor through April 2037. The agreements expand distribution territories across Great Britain from April 2030, with combined Frontline and Seymour portfolios representing over 60% of the UK magazine market. Expected incremental revenue uplift of approximately £105m per annum from expanded territories. This is the fourth major contract award in recent months, alongside News UK and Associated Newspapers contracts announced in June 2026, securing substantial long-term volume visibility across newspapers and magazines.","Significant positive: secures major revenue visibility (£105m annually from 2030), market-leading position across 60%+ of magazine sector, and extended contract certainty through 2037 strengthens competitive moat and earnings predictability.",positive,https://www.investegate.co.uk/announcement/rns/smiths-news--snws/national-contract-awards-frontline-and-seymour/9673541
2026-07-17 07:00:03,2026-07-17T06:00:03.000,Renewables Infrastructure Grp (The),TRIG,POS,Change of position,Transaction in Own Shares,7106M,17692539,74.4,0.27,"TRIG buys back 270,000 shares at 74p as part of its ongoing €2024 programme.","The Renewables Infrastructure Group Limited purchased 270,000 ordinary shares on 16 July 2026 at a weighted average price of 74.0018p through Investec Bank plc, with prices ranging from 73.55p to 74.20p. The shares will be held as treasury stock. TRIG now holds 153.2 million treasury shares, with 2.33 billion voting shares outstanding excluding treasury stock.",Routine share buyback execution under existing authorised programme; neutral signal suggesting capital management but no material strategic implications for investors.,neutral,https://www.investegate.co.uk/announcement/rns/the-renewables-infrastructure-group-limited--trig/transaction-in-own-shares/9673527
2026-07-17 07:00:03,2026-07-17T06:00:03.000,Grafton Group PLC,GFTU,POS,Change of position,Transaction in Own Shares,7160M,17692540,938.2,0.117,"Grafton Group purchases 60,000 shares at £9.32 average as part of £25m buyback programme.","On 16 July 2026, Grafton Group plc repurchased 60,000 ordinary shares for cancellation via Goodbody Stockbrokers at a volume-weighted average price of £9.3154, with a range of £9.1490 to £9.4140. This brings total shares purchased under the £25m buyback programme announced 30 June 2026 to 779,174 shares. The buyback commenced 30 June 2026 and is being executed on the London Stock Exchange.","Share buybacks typically signal management confidence in valuation and reduce share count, supporting EPS accretion. Routine capital allocation activity with modest positive undertone but no material catalyst.",neutral,https://www.investegate.co.uk/announcement/rns/grafton-group-ut-cdi---gftu/transaction-in-own-shares/9673542
2026-07-17 07:00:03,2026-07-17T06:00:03.000,Sunda Energy PLC,SNDA,STR,Strategy/company update,Conversion of Loan Notes and Issue of Warrants,7166M,17692541,1.05,0.0,"Sunda Energy converts £100k loan notes into 11.8m shares at 0.9351p, grants 6.8m warrants at 1.21563p.","Alumni Capital Limited has exercised its right to convert £100,000 principal plus £10,000 finance charge from convertible loan notes into 11,763,447 ordinary shares at 0.9351 pence per share (15% discount to 10-day VWAP). The investor simultaneously receives 6,786,604 CLN Warrants exercisable at 1.21563 pence. Post-conversion, Sunda Energy will have 456.5 million ordinary shares in issue. Admission to AIM expected 20 July 2026.","Debt-to-equity conversion signals refinancing but dilutes existing shareholders materially; warrant grant creates future dilution overhang. Routine capital restructuring typical of cash-constrained exploration companies, neither inherently bullish nor bearish.",neutral,https://www.investegate.co.uk/announcement/rns/sunda-energy--snda/conversion-of-loan-notes-and-issue-of-warrants/9673543
2026-07-17 07:00:03,2026-07-17T06:00:03.000,Wise Group PLC,WISE,TST,Trading statement,Wise Q1 FY27 Trading Update,7170M,17692542,931,-1.876,"Wise Q1 FY27: 26% cross-border volume growth to $69.3bn, 21% customer growth to 11.9m, net revenue up 25% to $714m.","Wise Group reported Q1 FY27 results with cross-border volume growing 26% YoY to $69.3 billion and active customers increasing 21% to 11.863 million. Net revenue rose 25% YoY to $714.0 million, with transaction revenue up 27% to $540.9 million. Customer holdings grew 31% to $41.2 billion. The cross-border take rate compressed 2 basis points to 50 basis points as Wise invested operating leverage in competitive pricing. The company reiterated FY27 guidance: net revenue growth around the middle of its 15-20% medium-term target range and income before tax margin around the top of the 20-25% range.",Strong growth across all metrics with strategic margin compression to strengthen competitive positioning; guidance reiteration provides confidence but suggests management sees challenging conditions ahead.,positive,https://www.investegate.co.uk/announcement/rns/wise-class-a--wise/wise-q1-fy27-trading-update/9673544
2026-07-17 07:00:03,2026-07-17T06:00:03.000,InterContinental Hotels Group PLC,IHG,POS,Change of position,Transaction in Own Shares,7171M,17692543,157.8,-1.159,"IHG repurchased 1,000 shares at average $159.60 on 16 July; intends to cancel them.","InterContinental Hotels Group purchased 1,000 ordinary shares on 16 July 2026 through Goldman Sachs International on the London Stock Exchange at prices ranging from $159.00 to $160.50, with a volume-weighted average of $159.6016. The shares will be cancelled, reducing shares in issue to 148,611,282 (excluding 5,431,782 treasury shares). The buyback was authorised at the May 2025 AGM and undertaken per instructions issued 17 February 2026.","Routine share buyback execution; modest 1,000 share purchase suggests ongoing capital management programme. No material market significance given scale relative to 148m+ shares outstanding.",neutral,https://www.investegate.co.uk/announcement/rns/intercontinental-hotels-group--ihg/transaction-in-own-shares/9673545
2026-07-17 07:00:03,2026-07-17T06:00:03.000,System1 Group PLC,SYS1,OUP,Offer update,Reiteration of unequivocal rejection,7185M,17692544,325,0.0,"System1 unanimously rejects Brave Bison's revised 317p takeover offer, citing undervaluation and insufficient control premium.","System1's board continues to reject Brave Bison's revised offer comprising 2.7553 Brave Bison shares plus 68p cash per System1 share (317p total value, 4% premium to 10 July close of 305p). The board consulted major shareholders who confirmed the offer materially undervalues the company. System1 highlights the offer lacks a customary control premium and references Brave Bison's misleading premium calculations omitting System1's positive 16 March 2026 trading update. The company reported record H2 FY26 revenue, increased dividends, and positive FY27 outlook in 8 July results.",Ongoing takeover resistance with management backed by major shareholder feedback; likely negative sentiment toward Brave Bison's proposal; signals potential bidding war or deal collapse ahead.,negative,https://www.investegate.co.uk/announcement/rns/system1-group--sys1/reiteration-of-unequivocal-rejection/9673546
2026-07-17 07:00:03,2026-07-17T06:00:03.000,Burberry Group PLC,BRBY,TST,Trading statement,First Quarter Trading Update ,7189M,17692545,1066,-4.864,"Burberry reports Q1 FY27 comparable retail sales up 5%, driven by Americas and Greater China growth with momentum in outerwear and accessories.","Burberry Group delivered Q1 FY27 comparable retail sales growth of 5% with retail revenue of £455m (up 5% reported, 4% at constant exchange rates). Americas grew 12%, Greater China 9%, and Asia Pacific 3%, though EMEIA declined 3% due to Middle East conflict impacts. First growth across all divisions in three years, anchored by outerwear outperformance. CEO Joshua Schulman highlighted brand momentum from the 'Portraits of an Icon' campaign, new customer acquisition (19% increase in rainwear customers, Gen-Z up double-digit), and successful product strategy. FY27 guidance expects revenue growth and margin expansion with £100m annualised cost savings target and £20m currency tailwind.","Market likely reads positively: luxury brand demonstrating genuine momentum across regions and categories post-restructuring, with underlying sales growth and margin improvement trajectory intact despite geopolitical headwinds.",positive,https://www.investegate.co.uk/announcement/rns/burberry-group--brby/first-quarter-trading-update-/9673547
2026-07-17 07:00:03,2026-07-17T06:00:03.000,Pantheon International PLC,PIN,POS,Change of position,Transaction in Own Shares,7125M,17692528,387,,"Pantheon International repurchased 443,519 shares at 386.50-389.00p on 16 July, intending cancellation.","Pantheon International PLC purchased 443,519 ordinary shares on 16 July 2026 via J.P. Morgan Securities at prices ranging from 386.50p to 389.00p, with a weighted average of 387.66p. The company intends to cancel these shares. Following the transaction, 394,780,819 ordinary shares remain in issue with total voting rights of 394,780,819.",Routine share buyback and cancellation programme execution; signals capital management and potential shareholder return but represents modest share count reduction of 0.1%.,neutral,https://www.investegate.co.uk/announcement/rns/pantheon-international--pin/transaction-in-own-shares/9673531
2026-07-17 07:00:03,2026-07-17T06:00:03.000,Taylor Maritime Limited,TMIP,FR,Final results,Final Results,7208M,17692556,57.5,-0.519,Dry bulk shipper Taylor Maritime to wind down and return capital after selling majority of fleet.,"Taylor Maritime reported a net loss of $46.1m for year ended 31 March 2026, including $23.7m impairment charges, but achieved $22.0m adjusted EBITDA. The Board announced an orderly wind-down strategy in March 2026, having sold 23 vessels during the year for $381.1m (2.8% discount to fair value) and eliminated all bank debt. Total shareholder distributions since IPO reach $362m ($1.10/share). Post-period, the company announced a third compulsory redemption of $45m, with expectations to distribute majority of NAV by calendar year-end.","Market likely views this negatively as a strategic retreat during a recovery phase. Orderly wind-down eliminates upside from market cycles; capital returns via redemptions may be inefficient versus potential growth, though balance sheet strength and debt elimination are positive.",negative,https://www.investegate.co.uk/announcement/rns/taylor-maritime-investments-limited-npv--tmip/final-results/9673558
2026-07-17 07:00:03,2026-07-17T06:00:03.000,Amigo Resources PLC,AMGO,UPD,,Senior Management Transition,7213M,17692555,2,0.0,Amigo Resources appoints Nathan Boom as CEO; Nicholas Beal transitions to Executive Director and Company Secretary role.,"Nathan Boom becomes CEO effective 17 July 2026, reporting to Executive Chair Craig Ransley. Boom brings 20+ years finance/commercial experience, including 8.5 years at TerraCom where he served as CCO and CFO, overseeing Blair Athol acquisition and Universal Coal takeover. He receives 10 million fully paid ordinary shares as inducement. Nicholas Beal steps down as CEO but remains Board Executive Director and Company Secretary, focusing on regulatory compliance and governance.","Experienced operational appointment with track record in resource sector M&A and transformation. Market likely sees this positively as strengthening commercial execution capability for African mining expansion, though share issuance dilutes existing shareholders.",positive,https://www.investegate.co.uk/announcement/rns/amigo-holdings--amgo/senior-management-transition/9673559
2026-07-17 07:00:03,2026-07-17T06:00:03.000,Peel Hunt LLP,,ROI,Result of issue,Results of Placing in W.A.G Payment Solutions PLC,7205M,17692553,,,,,,,
2026-07-17 07:00:03,2026-07-17T06:00:03.000,Experian plc,EXPN,POS,Change of position,Transaction in Own Shares,7200M,17692552,2733,1.94,"Experian repurchased 243,433 shares on 16 July at average price of 2,645.72p under ongoing buyback programme.","Experian purchased 243,433 ordinary shares on the London Stock Exchange on 16 July 2026 via BofA Securities Europe SA as part of a share repurchase programme announced 30 June 2026. Shares traded between 2,560p and 2,697p, with weighted average price of 2,645.72p. All purchased shares will be cancelled. Weekly transaction updates will be published on the company's website.",Routine capital allocation disclosure showing ongoing execution of announced buyback; signals management confidence but represents standard shareholder return activity with no material implications.,neutral,https://www.investegate.co.uk/announcement/rns/experian--expn/transaction-in-own-shares/9673553
2026-07-17 07:00:03,2026-07-17T06:00:03.000,M&C Saatchi PLC,SAA,POS,Change of position,Transaction in Own Shares,7960M,17692560,142,2.158,"M&C Saatchi completes share buyback of 50,000 shares at 138p per share on 16 July 2026.","M&C Saatchi purchased 50,000 ordinary shares at 138.0 pence per share from Panmure Liberum on 16 July 2026, continuing its share buyback programme announced 9 March 2026. Following settlement and cancellation, the company will have 120,903,435 shares in issue with 485,970 held in treasury, reducing voting rights to 120,417,465. The transaction was executed as a single trade at 09:47 UK time on AIM.",Routine share buyback execution under existing programme; demonstrates capital discipline but represents marginal shareholder value accretion given modest purchase volume. No material implications for investors.,neutral,https://www.investegate.co.uk/announcement/rns/m-c-saatchi--saa/transaction-in-own-shares/9673562
2026-07-17 07:00:03,2026-07-17T06:00:03.000,Arkle Resources PLC,ARK,DRL,Drilling/exploration,Namibia Uranium Drilling Underway,7198M,17692550,0.75,0.0,Arkle Resources expands maiden uranium drilling programme in Namibia; carnotite mineralisation visually logged in three holes.,"Arkle's initial 1,500m RC drilling at Erongo Uranium Project, Namibia is proceeding as planned with 52 holes completed for 1,017m. Carnotite, the principal ore mineral for surficial uranium deposits, has been visually logged in three holes across two fence lines at depths of 4-15m. The company expanded the programme to include step-out holes on eastern paleochannel targets, test the western paleochannel target, and bring forward drilling on the ULG target from Q3 2026. First assay results expected early September 2026.","Early-stage exploration update with visual mineralisation confirmation warrants monitoring; however, no grade data yet limits significance. Market likely reads this positively as operational progress validating geological model and exploration strategy.",positive,https://www.investegate.co.uk/announcement/rns/arkle-resources-cdi---ark/namibia-uranium-drilling-underway/9673552
2026-07-17 07:00:03,2026-07-17T06:00:03.000,Fulcrum Metals PLC,FMET,AGM,AGM statement,AGM Statement,7196M,17692549,8,0.0,"Fulcrum Metals reports strong progress on tailings processing technology, pilot plant execution, and £6m funding secured.","Fulcrum Metals has achieved 100% ownership of Teck-Hughes gold tailings project and secured exclusive licence for cyanide-free processing technology from Extrakt. A 159-hole auger programme confirmed gold, silver, and critical minerals (tellurium, gallium, rubidium, strontium, zirconium) throughout tailings. The company secured £6m funding from Yorkville Advisors and a non-binding US$20m royalty financing term sheet from Chancery Royalty, contingent on successful pilot plant results. Key near-term priorities include completing pilot plant, delivering maiden NI 43-101 Mineral Resource Estimate, and advancing engineering and permitting.","Market likely reads positively: company demonstrates clear technical progress, third-party validation via royalty provider interest, and substantial capital secured to advance pilot phase without equity dilution.",positive,https://www.investegate.co.uk/announcement/rns/fulcrum-metals--fmet/agm-statement/9673551
2026-07-17 07:00:03,2026-07-17T06:00:03.000,Nova Ljubljanska Banka d.d.,NLB,TEN,,NLB Publishes Amended Offering Memorandum - Addiko,7195M,17692548,44.95,-0.443,"NLB lowers Addiko takeover bid threshold to 50%+1 share, extends acceptance to 29 July in competing offer vs RBI.","Nova Ljubljanska Banka published an amended offering memorandum for its voluntary takeover of Addiko Bank AG, reducing the minimum acceptance threshold from 75% to 50% plus one share (9,750,001 shares) and extending the acceptance period to 29 July 2026. The offer price remains EUR 37.00 per share in cash, representing a 39.6% premium to the competing Raiffeisen Bank International bid. Addiko shareholders who previously accepted RBI's offer may revoke acceptance until 23 July and tender into NLB's offer.","Lower threshold reduces execution risk for NLB and makes its offer more attractive to Addiko shareholders facing a bidding contest; suggests NLB confidence and potential closing likelihood, though regulatory and MAC conditions remain.",positive,https://www.investegate.co.uk/announcement/rns/nova-ljubljanska-banka-d-d-ljubljana--nlb/nlb-publishes-amended-offering-memorandum-addiko/9673550
2026-07-17 07:00:03,2026-07-17T06:00:03.000,Plus500 Limited,PLUS,POS,Change of position,Transaction in Own Shares,7192M,17692547,4292,-0.418,"Plus500 repurchased 63,537 shares at average price of 4,253.95p under its ongoing buyback programme.","Plus500 purchased 63,537 ordinary shares on 16 July 2026 via Panmure Liberum at prices ranging from 4,196p to 4,308p, with a volume-weighted average of 4,253.95p. Shares will be held in treasury. Following the purchase, 69,049,261 shares remain in issue (excluding treasury) and the company holds 45,839,116 treasury shares. Total voting rights stand at 69,049,261.",Routine share buyback execution under announced programme; no material implications for investors beyond modest capital allocation signal and potential future EPS accretion.,neutral,https://www.investegate.co.uk/announcement/rns/plus500-ltd-di---plus/transaction-in-own-shares/9673548
2026-07-17 07:00:03,2026-07-17T06:00:03.000,Itaconix PLC,ITX,TST,Trading statement,Trading Update,7204M,17692551,137.5,17.021,Itaconix posts record H1 2026 revenue of $8.3m (+72% YoY) with FY guidance raised to minimum $14.8m.,"Itaconix PLC reported H1 2026 unaudited revenues of $8.3 million, up 72% versus H1 2025 ($4.8m) and 46% versus H2 2025 ($5.7m), with growth across all product segments. Gross profit margin expected to remain at 36%, in line with FY 2025. The company raised full-year 2026 revenue guidance to no less than $14.8 million, ahead of prior analyst expectations of $13.3 million, while maintaining expectations for small positive EBITDA for FY 2026.","Strong operational momentum with accelerating growth and raised guidance suggests market confidence in execution; however, guidance cushion ($14.8m vs $13.3m consensus) is modest and dependent on reorder sustainability.",positive,https://www.investegate.co.uk/announcement/rns/itaconix--itx/trading-update/9673555
2026-07-17 07:00:02,2026-07-17T06:00:02.000,JSC Halyk Bank,HSBK,NOG,,Materials on the items of the agenda of the EGM,7963M,17692526,31.35,2.284,JSC Halyk Bank to hold EGM on 20 August 2026 to approve dividend payment of KZT 28.09 per share.,"JSC Halyk Bank shareholders will vote by absent ballot on 20 August 2026 on two agenda items: approval of the meeting agenda and adoption of a dividend resolution. The bank proposes paying dividends of KZT 28.09 per common share (ISIN KZ000A0LE0S4) from undistributed net income of previous years for the 2025 period. Payment will commence 7 September 2026 via bank transfer, with record date set for 26 August 2026.",Routine dividend announcement supporting shareholder returns; dividend payment indicates available earnings but provides limited market impact as this is standard EGM governance.,neutral,https://www.investegate.co.uk/announcement/rns/jsc-halyk-bank--37qb/materials-on-the-items-of-the-agenda-of-the-egm/9673516
2026-07-17 07:00:02,2026-07-17T06:00:02.000,Partners Group Private Equity Ltd,PEY,POS,Change of position,Transaction in Own Shares,7050M,17692522,7.34,0.0,,,,,
2026-07-17 07:00:02,2026-07-17T06:00:02.000,VinaCapital Vietnam Opportunity Fd.,VOF,POS,Change of position,Transaction in Own Shares,7082M,17692518,445.5,-0.558,"VinaCapital Vietnam Opportunity Fund repurchased 50,000 shares at GBP 4.48 per share on 16 July 2026.","VinaCapital Vietnam Opportunity Fund Limited repurchased 50,000 USD Ordinary Shares at GBP 4.480000 per share on 16 July 2026, to be held as treasury shares. Total treasury shares now stand at 6,574,914, with 120,504,609 shares in issue. The total voting rights in the company are 120,504,609 shares following this transaction.",Routine share buyback program execution; modest repurchase size suggests normal capital management rather than significant strategic signal to the market.,neutral,https://www.investegate.co.uk/announcement/rns/vinacapital-vietnam-opportunity-fund-ltd---vof/transaction-in-own-shares/9673522
2026-07-17 07:00:02,2026-07-17T06:00:02.000,JSC Halyk Bank,HSBK,NOG,,Convocation of the EGM,7670M,17692517,31.35,2.284,"JSC Halyk Bank convenes extraordinary general shareholders' meeting on August 20, 2026 for dividend vote via absent voting.","JSC Halyk Bank's Board of Directors has announced an Extraordinary General Shareholders' Meeting scheduled for August 20, 2026, conducted via absent (postal) voting without an in-person gathering. The shareholder register cutoff is July 20, 2026. The agenda comprises two items: approval of the meeting agenda itself and adoption of a dividend resolution on common shares with specific per-share amounts to be determined. Materials are available on the bank's website in Russian, Kazakh, and English. GDR holders should contact Bank of New York Mellon's depositary for voting instructions. No quorum requirement applies under absent voting procedures.",Routine capital management disclosure confirming dividend return to shareholders; absent-voting structure indicates administrative efficiency. Non-event unless dividend quantum disappoints relative to prior periods.,neutral,https://www.investegate.co.uk/announcement/rns/jsc-halyk-bank--37qb/convocation-of-the-egm/9673515
2026-07-17 07:00:02,2026-07-17T06:00:02.000,Gamma Communications PLC,GAMA,POS,Change of position,Transaction in Own Shares,7066M,17692515,937.5,-0.053,"Gamma Communications buys back 16,425 shares at 942p average as part of ongoing £XXm programme announced January 2026.","Gamma Communications purchased 16,425 ordinary shares on 16 July 2026 via Investec at prices ranging 936-948p, with weighted average of 942.10p. This is part of the buyback programme announced 13 January 2026. Total shares repurchased to date: 2,717,251. Post-settlement, 91,047,100 shares remain in issue with 1,514,022 held in treasury; 89,533,078 voting shares outstanding. Shares will be cancelled. Company remains in offer period (commenced 7 April 2026).","Routine capital management execution during offer period. Share buyback reduces share count and can modestly support EPS, but represents normal housekeeping under existing programme with no strategic signal.",neutral,https://www.investegate.co.uk/announcement/rns/gamma-communications--gama/transaction-in-own-shares/9673520
2026-07-17 07:00:02,2026-07-17T06:00:02.000,GlobalData PLC,DATA,POS,Change of position,Transaction in Own Shares,7073M,17692514,74.9,-0.266,"GlobalData repurchases 93,812 shares at 72-76.2p as part of ongoing buyback programme; shares to be cancelled.","GlobalData PLC purchased 93,812 ordinary shares on 16 July 2026 through Investec Bank at prices ranging from 72.0p to 76.2p, with a weighted average price of 73.24p. The shares will be cancelled, reducing issued share count to 745,809,786. This transaction forms part of the company's Share Buyback Programme that commenced 23 June 2026. No treasury shares are held.","Routine share buyback execution under pre-announced programme; modest single-day volume suggests steady, measured capital return to shareholders; no material market read-through.",neutral,https://www.investegate.co.uk/announcement/rns/globaldata--data/transaction-in-own-shares/9673521
2026-07-17 07:00:02,2026-07-17T06:00:02.000,Ninety One PLC,N91,UPD,,Q12027 Update,7021M,17692513,217.8,-1.18,"Ninety One reports Q1 2027 AUM of £184.0bn, up 31.8% year-on-year and 7.1% sequentially.","Ninety One plc, the independent investment manager listed on LSE and JSE, disclosed assets under management of £184.0 billion at 30 June 2026. This represents significant growth from £139.7 billion at 30 June 2025 (31.8% year-on-year increase) and £171.8 billion at 31 March 2026 (7.1% quarterly increase). The strong AUM expansion reflects both market appreciation and potential net inflows during the period.","Solid AUM growth signals positive momentum in client acquisition and market conditions; investors likely to view this favorably as it supports fee-generating revenue, though the announcement lacks detail on net inflows versus market movements.",positive,https://www.investegate.co.uk/announcement/rns/ninety-one--n91/q12027-update/9673518
2026-07-17 07:00:02,2026-07-17T06:00:02.000,SThree plc,STEM,POS,Change of position,Transaction in Own Shares,6465M,17692511,211,2.179,"SThree repurchased 64,627 shares at 160-171p between 9-10 July 2026 for cancellation.","SThree plc bought back 28,352 shares on 9 July at an average of 161.14p (ranging 160.2-162.2p) and 36,275 shares on 10 July at 168.04p average (162-171.4p range) via Investec Bank. Total purchase value approximately £10.9m. All shares will be cancelled. Detailed transaction log shows systematic daily purchasing across LSE.","Share buybacks typically signal management confidence in valuation and aim to boost EPS; however, this is routine capital management activity with no immediate operational significance.",neutral,https://www.investegate.co.uk/announcement/rns/sthree--stem/transaction-in-own-shares/9673517
2026-07-17 07:00:02,2026-07-17T06:00:02.000,Total Graphite PLC,TGR,UPD,,Operational Update,7957M,17692501,0.825,-21.429,"Total Graphite pauses Madagascar production for optimization; targets restart December 2026 above 1,000 MT/month.","Total Graphite has temporarily suspended production at its Vatomina operation in Madagascar to complete optimization work including drilling, mine planning, and infrastructure upgrades. The company holds US$1.5m unrestricted cash (US$3.8m total with guarantees). An independent technical review identified geological workstreams to improve performance. Drilling is underway with five diamond drill holes completed; results expected Q4 2026. The Montepuez project in Mozambique targets 50,000 tonnes per annum production. Strategic discussions with financial institutions and partners are ongoing.","Production pause signals operational challenges but demonstrates operational learning; market likely views cautiously given cash constraints and delayed restart timeline, though potential strategic partnerships and Mozambique upside offer positive optionality.",neutral,https://www.investegate.co.uk/announcement/rns/total-graphite-plc--tgr/operational-update/9673503
2026-07-17 07:00:02,2026-07-17T06:00:02.000,Investor AB,37XR,DOC,,Interim Report,7197M,17692509,135.263,,Investor AB reports H1 2026 interim results showing strong NAV growth and portfolio outperformance versus index.,"Investor AB's adjusted NAV grew 13% in H1 2026 to SEK 1,214.7bn (SEK 397/share), with Q2 NAV up 9%. Total shareholder return reached 23% H1 (15% Q2), outperforming SIXRX index at 8%. Listed Companies returned 20% H1 (14% Q2), led by ABB's 54.7% return. Patricia Industries returned 1% H1 (-3% Q2) due to valuation multiples compression despite 7% organic sales growth. EQT investments declined 2%. Leverage stood at 1.9% with SEK 28.8bn gross cash.","Strong NAV growth and outperformance of equity indices suggests effective portfolio management, though Patricia Industries' valuation pressure and Q2 headwinds warrant monitoring. Market likely reads positively overall.",positive,https://www.investegate.co.uk/announcement/rns/investor-ab--37xr/interim-report/9673514
2026-07-17 07:00:00,2026-07-17T06:00:00.000,Intermediate Capital Group PLC,ICG,HOL,Holding(s) in company,Holding(s) in Company,1213107-en,17692616,1918,0.577,"Societe Generale increases ICG holding to 6.34% voting rights, crossing major shareholder threshold on 15 July 2026.","Societe Generale notified on 16 July 2026 of a major holding acquisition in Intermediate Capital Group PLC, increasing its voting rights from 4.46% to 6.34%. The position comprises 17.68m shares (6.26% direct voting rights) plus 228,528 voting rights through cash-settled contracts for difference expiring between December 2027 and May 2029. Total voting rights held: 17.9m shares. This represents a ~190 basis point increase from the previous notification threshold.",Routine disclosure of major shareholding change. Market likely views this as a neutral event—institutional accumulation with no control implications unless stake rises further toward 10% threshold.,neutral,https://www.investegate.co.uk/announcement/gnw/icg-plc--icg/holding-s-in-company/9673496
2026-07-17 07:00:00,2026-07-17T06:00:00.000,BlackRock Smaller Companies Trust Plc,BRSC,TVR,Total voting rights,Total Voting Rights,60715-9309,17692697,269.5,-0.185,BlackRock Smaller Companies Trust discloses total voting rights denominator of 244.75m shares for regulatory compliance.,"As of 17 July 2026, BlackRock Smaller Companies Trust plc has 244,753,950 ordinary shares of £0.05 each in issued capital, excluding 53,938,655 shares held in treasury. This figure serves as the denominator for shareholder calculations under FCA Disclosure Guidance and Transparency Rules (DTR 5.6.1) to determine if notification of interests is required.",Routine regulatory disclosure of voting rights denominator required under UK transparency rules; no material implications for investors or share price.,neutral,https://www.investegate.co.uk/announcement/prn/blackrock-smaller-companies-trust--brsc/total-voting-rights/9673802
2026-07-17 07:00:00,2026-07-17T06:00:00.000,BlackRock Energy and Resources Income Trust Plc,BERI,TVR,Total voting rights,Total Voting Rights,60715-9296,17692696,170.0,,BlackRock Energy and Resources Income Trust updates total voting rights denominator to 100.15m shares.,"As at 17 July 2026, BlackRock Energy and Resources Income Trust plc had 100,151,197 issued ordinary shares of £0.01 each in circulation, excluding 35,434,997 shares held in treasury. Shareholders must use the 100.15m figure as the denominator for calculating disclosure thresholds under FCA Disclosure Guidance and Transparency Rules provision 5.6.1 when determining if they are required to notify changes in their shareholding interests.",Routine regulatory disclosure updating the share count denominator for disclosure calculations; administrative notification with no material implications for investors or market positioning.,neutral,https://www.investegate.co.uk/announcement/prn/blackrock-energy-and-resources-income-trust--beri/total-voting-rights/9673801
2026-07-17 07:00:00,2026-07-17T06:00:00.000,BlackRock American Income Trust Plc,BRAI,TVR,Total voting rights,Total Voting Rights,60715-9279,17692694,278,-0.358,BlackRock American Income Trust updates voting rights denominator to 61.26m shares as of 17 July 2026.,"BlackRock American Income Trust plc disclosed that as of 17 July 2026, it had 61,260,138 issued ordinary shares in circulation, each carrying one vote per share. The company holds 34,101,167 shares in treasury. The 61,260,138 figure serves as the denominator for shareholders calculating whether they must notify their interests under FCA Disclosure Guidance and Transparency Rules provision 5.6.1.",Routine regulatory disclosure of voting share denominator for transparency compliance; no material implications for share valuation or company fundamentals.,neutral,https://www.investegate.co.uk/announcement/prn/blackrock-american-income-trust-plc--brai/total-voting-rights/9673799
2026-07-17 07:00:00,2026-07-17T06:00:00.000,BlackRock Greater Europe Investment Trust Plc,BRGE,TVR,Total voting rights,Total Voting Rights,60715-9304,17692691,592,-1.003,BlackRock Greater Europe Investment Trust updates total voting rights denominator to 90.4m shares.,"As of 17 July 2026, BlackRock Greater Europe Investment Trust plc has 90,423,001 ordinary shares of £0.001 each in issued capital, excluding 27,505,937 shares held in treasury. This figure serves as the denominator for shareholders calculating disclosure obligations under FCA Disclosure Guidance and Transparency Rules (DTR 5.6.1). The announcement is a routine regulatory notification required under Article 15 of the Transparency Directive.",Routine regulatory disclosure updating the share count denominator for disclosure calculations. No material implications for investors; standard compliance housekeeping.,neutral,https://www.investegate.co.uk/announcement/prn/blackrock-greater-europe-inv-trust--brge/total-voting-rights/9673800
2026-07-17 07:00:00,2026-07-17T06:00:00.000,Foresight Group Holdings Limited,FSG,POS,Change of position,Transaction in Own Shares,1213114-en,17692620,475,-0.628,"Foresight Group purchased 214,238 shares at 452-475p under its April 2025 buyback programme.","Foresight Group Holdings Limited bought back 214,238 ordinary shares between 10-16 July 2026 via Berenberg, with prices ranging from 445.50p to 475.00p. The volume-weighted average prices ranged from 451.98p to 471.64p across five trading days. Total treasury holdings now stand at 5,020,091 shares (non-voting), with 111,327,712 shares carrying voting rights out of 116,347,803 in issue. Cumulative buybacks under the current programme total 6,671,775 shares.","Routine capital management disclosure showing consistent buyback execution. Share prices trending upward (472p+ on final day) may signal confidence, but buyback programmes are typically pre-authorised and non-event unless scale or pace changes materially.",neutral,https://www.investegate.co.uk/announcement/gnw/foresight-group-holdings-limited-npv--fsg/transaction-in-own-shares/9673497
2026-07-17 07:00:00,2026-07-17T06:00:00.000,"Pershing Square Holdings, Ltd.",PSH,POS,Change of position,Transaction in Own Shares,0716604924,17692611,3908,0.205,"PSH repurchased 37,378 shares at average $52.91 on 16 July 2026.","Pershing Square Holdings purchased 37,378 public shares on 16 July 2026 through Jefferies at an average price of $52.91 USD (3,921 pence). The buyback comprised 25,713 shares on LSE (PSH ticker) and 11,665 shares (PSHD ticker). The purchase price sits below the calculated NAV of $77.06 per share as of 14 July. Following the transaction, 173.8 million public shares remain outstanding, with 37.1 million shares held in treasury.",Share repurchase at a discount to NAV is modestly accretive to remaining shareholders. Routine capital management activity; signals management confidence but represents minimal market-moving catalyst.,neutral,https://www.investegate.co.uk/announcement/bzw/pershing-square-holdings-ltd--psh/transaction-in-own-shares/9673494
2026-07-17 07:00:00,2026-07-17T06:00:00.000,The Biotech Growth Trust PLC,BIOG,PFU,Portfolio update,"Eli Lilly to acquire BIOG portfolio company, AtaiBeckley Inc.",60716-9767,17692706,1578,-1.621,"Eli Lilly to acquire BIOG portfolio company AtaiBeckley for $2.8bn ($6.75/share), with $1bn contingent on milestones.","Eli Lilly announced acquisition of AtaiBeckley Inc., a clinical-stage biotech focused on psychiatric disorder treatments, for approximately $2.8 billion ($6.75 per share) in cash—a 26% premium to closing price on 15 July 2026. Additional contingent value rights of ~$1 billion based on development/regulatory milestones could bring total consideration to $3.8 billion ($9.25 per share), representing 73% premium. AtaiBeckley's lead program BPL-003 has Breakthrough Therapy Designation for treatment-resistant depression. BIOG's 1.1% holding will be reflected in NAV on 16 July. Transaction marks the latest in seven successful M&A exits this year.",Validates BIOG's small/mid-cap biotech investment strategy and adds to strong year of portfolio realizations; modest 1.1% NAV impact but reinforces conviction narrative for long-term value creation through exits.,positive,https://www.investegate.co.uk/announcement/prn/biotech-growth-trust-the---biog/eli-lilly-to-acquire-biog-portfolio-company-/9673806
2026-07-17 07:00:00,2026-07-17T06:00:00.000,Young & Co's Brewery PLC,YNGA,POS,Change of position,Transaction in Own Shares,0716838779,17692618,935,0.43,"Young & Co's Brewery completes share buyback, purchasing 7,649 Non-voting and 10,250 A shares between 13-16 July.","Young & Co's Brewery executed its announced share buyback programme during 13-16 July 2026 through Peel Hunt on the London Stock Exchange. The company purchased 7,649 Non-voting shares at a volume-weighted average price of 718.24p (range 716-748p) for cancellation, and 10,250 A shares at 920.76p average (range 910-931p) for treasury. Post-transaction, the company will have 22,569,749 Non-voting shares and 38,037,755 A shares in issue.","Routine capital management activity consistent with announced buyback programme; modest transaction size suggests measured approach to share reduction, likely neutral market reception.",neutral,https://www.investegate.co.uk/announcement/bzw/young-co-s-brewery-a-shares--ynga/transaction-in-own-shares/9673495
